email,
Clintondrab@yahoo.com.ar,
wide-eyedChristie64@neuf.fr,
richJacob@bol.com.br,
crowdedRicky27@hotmail.de,
Armandodisturbed@wanadoo.fr,
tiredAbby44@facebook.com,
differentBethany@orange.fr,
tenderKelsey@hetnet.nl,
condemnedChad81@gmx.de,
unsightlyRonnie54@hotmail.co.uk,
splendidAnne@yahoo.co.jp,
Jerrypoor@sympatico.ca,
blackShawn@mac.com,
grotesqueJulia26@live.nl,
Stephenfamous@qq.com,
Johnathanbrave@free.fr,
Lydiaawful@yahoo.com.sg,
Dominicjealous@yahoo.fr,
braveTravis@hotmail.es,
livelyTabitha@frontiernet.net,